"Flag ID","Flag Status","Flag Dataset","Flag Category","Flag Type","Flag Data Source","Flag Level","Flag Description","Current CoC Note","Current HDX Team Note","Flag Created On","Updated At","Flag Data Changed","Vendor/CoC Issue","Flag Data Field Description 1","Flag Data Field Value 1","Flag Data Field Description 2","Flag Data Field Value 2","Flag Data Field Description 3","Flag Data Field Value 3","Flag Data Field Description 4","Flag Data Field Value 4","Flag Data Field Description 5","Flag Data Field Value 5","Flag Data Field Description 6","Flag Data Field Value 6","Flag Data Field Description 7","Flag Data Field Value 7","Flag Data Field Description 8","Flag Data Field Value 8","Flag Data Field Description 9","Flag Data Field Value 9","Flag Data Field Description 10","Flag Data Field Value 10","Flag Data Field Description 11","Flag Data Field Value 11","Flag Data Field Description 12","Flag Data Field Value 12","Flag Data Field Description 13","Flag Data Field Value 13","Flag Data Field Description 14","Flag Data Field Value 14","Flag Data Field Description 15","Flag Data Field Value 15"
"801-1","Note Required","1465","Project File","Data Error","Project","Project","This project is missing a Housing Type.","","","2022-01-05 16:12:03","2022-01-05 16:12:03","No","CoC","HMIS Project ID","240","Project Name","null","Housing Type","null","","","","","","","","","","","","","","","","","","","","","","","",""
"801-1","Note Required","1465","Project File","Data Error","Project","Project","This project is missing a Housing Type.","","","2022-01-05 16:12:03","2022-01-05 16:12:03","No","CoC","HMIS Project ID","242","Project Name","null","Housing Type","null","","","","","","","","","","","","","","","","","","","","","","","",""
"801-1","Note Required","1465","Project File","Data Error","Project","Project","This project is missing a Housing Type.","","","2022-01-05 16:12:03","2022-01-05 16:12:03","No","CoC","HMIS Project ID","441","Project Name","null","Housing Type","null","","","","","","","","","","","","","","","","","","","","","","","",""
"801-1","Note Required","1465","Project File","Data Error","Project","Project","This project is missing a Housing Type.","","","2022-01-05 16:12:03","2022-01-05 16:12:03","No","CoC","HMIS Project ID","441","Project Name","null","Housing Type","null","","","","","","","","","","","","","","","","","","","","","","","",""
"801-1","Note Required","1465","Project File","Data Error","Project","Project","This project is missing a Housing Type.","","","2022-01-05 16:12:03","2022-01-05 16:12:03","No","CoC","HMIS Project ID","527","Project Name","null","Housing Type","null","","","","","","","","","","","","","","","","","","","","","","","",""
"801-1","Note Required","1465","Project File","Data Error","Project","Project","This project is missing a Housing Type.","","","2022-01-05 16:12:03","2022-01-05 16:12:03","No","CoC","HMIS Project ID","527","Project Name","null","Housing Type","null","","","","","","","","","","","","","","","","","","","","","","","",""
"801-1","Note Required","1465","Project File","Data Error","Project","Project","This project is missing a Housing Type.","","","2022-01-05 16:12:03","2022-01-05 16:12:03","No","CoC","HMIS Project ID","790","Project Name","null","Housing Type","null","","","","","","","","","","","","","","","","","","","","","","","",""
"801-1","Note Required","1465","Project File","Data Error","Project","Project","This project is missing a Housing Type.","","","2022-01-05 16:12:03","2022-01-05 16:12:03","No","CoC","HMIS Project ID","790","Project Name","null","Housing Type","null","","","","","","","","","","","","","","","","","","","","","","","",""
"801-1","Note Required","1465","Project File","Data Error","Project","Project","This project is missing a Housing Type.","","","2022-01-05 16:12:03","2022-01-05 16:12:03","No","CoC","HMIS Project ID","792","Project Name","null","Housing Type","null","","","","","","","","","","","","","","","","","","","","","","","",""
"801-1","Note Required","1465","Project File","Data Error","Project","Project","This project is missing a Housing Type.","","","2022-01-05 16:12:03","2022-01-05 16:12:03","No","CoC","HMIS Project ID","792","Project Name","null","Housing Type","null","","","","","","","","","","","","","","","","","","","","","","","",""
"801-1","Note Required","1465","Project File","Data Error","Project","Project","This project is missing a Housing Type.","","","2022-01-05 16:12:03","2022-01-05 16:12:03","No","CoC","HMIS Project ID","808","Project Name","null","Housing Type","null","","","","","","","","","","","","","","","","","","","","","","","",""
"801-1","Note Required","1465","Project File","Data Error","Project","Project","This project is missing a Housing Type.","","","2022-01-05 16:12:03","2022-01-05 16:12:03","No","CoC","HMIS Project ID","808","Project Name","null","Housing Type","null","","","","","","","","","","","","","","","","","","","","","","","",""
"801-1","Note Required","1465","Project File","Data Error","Project","Project","This project is missing a Housing Type.","","","2022-01-05 16:12:03","2022-01-05 16:12:03","No","CoC","HMIS Project ID","882","Project Name","null","Housing Type","null","","","","","","","","","","","","","","","","","","","","","","","",""
"801-1","Note Required","1465","Project File","Data Error","Project","Project","This project is missing a Housing Type.","","","2022-01-05 16:12:03","2022-01-05 16:12:03","No","CoC","HMIS Project ID","882","Project Name","null","Housing Type","null","","","","","","","","","","","","","","","","","","","","","","","",""
"801-1","Note Required","1465","Project File","Data Error","Project","Project","This project is missing a Housing Type.","","","2022-01-05 16:12:03","2022-01-05 16:12:03","No","CoC","HMIS Project ID","957","Project Name","null","Housing Type","null","","","","","","","","","","","","","","","","","","","","","","","",""
"801-1","Note Required","1465","Project File","Data Error","Project","Project","This project is missing a Housing Type.","","","2022-01-05 16:12:03","2022-01-05 16:12:03","No","CoC","HMIS Project ID","957","Project Name","null","Housing Type","null","","","","","","","","","","","","","","","","","","","","","","","",""
"801-1","Note Required","1465","Project File","Data Error","Project","Project","This project is missing a Housing Type.","","","2022-01-05 16:12:03","2022-01-05 16:12:03","No","CoC","HMIS Project ID","958","Project Name","null","Housing Type","null","","","","","","","","","","","","","","","","","","","","","","","",""
"801-1","Note Required","1465","Project File","Data Error","Project","Project","This project is missing a Housing Type.","","","2022-01-05 16:12:03","2022-01-05 16:12:03","No","CoC","HMIS Project ID","960","Project Name","null","Housing Type","null","","","","","","","","","","","","","","","","","","","","","","","",""
"801-1","Note Required","1465","Project File","Data Error","Project","Project","This project is missing a Housing Type.","","","2022-01-05 16:12:03","2022-01-05 16:12:03","No","CoC","HMIS Project ID","1099","Project Name","null","Housing Type","null","","","","","","","","","","","","","","","","","","","","","","","",""
"801-1","Note Required","1465","Project File","Data Error","Project","Project","This project is missing a Housing Type.","","","2022-01-05 16:12:03","2022-01-05 16:12:03","No","CoC","HMIS Project ID","1492","Project Name","null","Housing Type","null","","","","","","","","","","","","","","","","","","","","","","","",""
"801-1","Note Required","1465","Project File","Data Error","Project","Project","This project is missing a Housing Type.","","","2022-01-05 16:12:03","2022-01-05 16:12:03","No","CoC","HMIS Project ID","1497","Project Name","null","Housing Type","null","","","","","","","","","","","","","","","","","","","","","","","",""
"801-1","Note Required","1465","Project File","Data Error","Project","Project","This project is missing a Housing Type.","","","2022-01-05 16:12:03","2022-01-05 16:12:03","No","CoC","HMIS Project ID","1497","Project Name","null","Housing Type","null","","","","","","","","","","","","","","","","","","","","","","","",""
